"Response ID","Time Started","Date Submitted","Status","Contact ID","Legacy Comments","Comments","Language","Referer","Extended Referer","SessionID","User Agent","Extended User Agent","Tags","IP Address","Longitude","Latitude","Country","City","State/Region","Postal","Invite Status","Email","First Name","Last Name","Organization","Division","Department","Team","Group","Role","Is Manager","Phone (Home)","Phone (Fax)","Phone (Work)","Address 1","Suite/Apt","City","State/Region","Postal Code","Job Title","Website","Country","Source","Invite Custom Field 1","Invite Custom Field 2","Invite Custom Field 3","Invite Custom Field 4","Invite Custom Field 5","Invite Custom Field 6","Invite Custom Field 7","Invite Custom Field 8","Invite Custom Field 9","Invite Custom Field 10","Professional software development:howlong_activities","Programming:howlong_activities","Programming:howoften_activities","Code reviewing:howoften_activities","Open source:whatsetting","Industry, proprietary:whatsetting","whatcompany","whichopensource","Development:primaryworkarea","Test:primaryworkarea","Visual Design:primaryworkarea","Documentation:primaryworkarea","Product Support:primaryworkarea","Management and Administration:primaryworkarea","Research:primaryworkarea","Other - Write In (Required):primaryworkarea","Other - Write In (Required):primaryworkarea","howmany_developers","Gerrit:whichcodereview_tools","Atlassian Crucible:whichcodereview_tools","Atlassian Bitbucket Server (formerly Stash):whichcodereview_tools","JetBrains Upsource:whichcodereview_tools","SmartBear Collaborator:whichcodereview_tools","ReviewClipse:whichcodereview_tools","Microsoft CodeFlow:whichcodereview_tools","Github Pull Requests:whichcodereview_tools","Phabricator:whichcodereview_tools","Gitlab:whichcodereview_tools","General software development tools (IDE, SCM, ticket system / bug tracker):whichcodereview_tools","Other - Write In (Required):whichcodereview_tools","Other - Write In (Required):whichcodereview_tools","howsatisfied_codereview","What are the main reasons why you are not satisfied with your code review tool?","I would imagine that most people would learn to use this tool very quickly.:usability_proto1","I thought this tool was easy to use.:usability_proto1","I think that I would need assistance to be able to use this tool.:usability_proto1","I found that the various functions in this tool were well integrated.:usability_proto1","I think that I would like to use this tool frequently.:usability_proto1","I thought there was too much inconsistency in this tool.:usability_proto1","I found this tool unnecessarily complex.:usability_proto1","I found this tool very cumbersome/awkward to use.:usability_proto1","remarks_proto1","Do you want to evaluate another prototype?","PageOrder","I found this tool unnecessarily complex.:usability_proto2","I think that I would need assistance to be able to use this tool.:usability_proto2","I thought there was too much inconsistency in this tool.:usability_proto2","I found this tool very cumbersome/awkward to use.:usability_proto2","I would imagine that most people would learn to use this tool very quickly.:usability_proto2","I think that I would like to use this tool frequently.:usability_proto2","I found that the various functions in this tool were well integrated.:usability_proto2","I thought this tool was easy to use.:usability_proto2","remarks_proto2","Do you want to evaluate another prototype?","PageOrder","I found this tool very cumbersome/awkward to use.:usability_proto3","I found this tool unnecessarily complex.:usability_proto3","I thought this tool was easy to use.:usability_proto3","I found that the various functions in this tool were well integrated.:usability_proto3","I think that I would need assistance to be able to use this tool.:usability_proto3","I thought there was too much inconsistency in this tool.:usability_proto3","I think that I would like to use this tool frequently.:usability_proto3","I would imagine that most people would learn to use this tool very quickly.:usability_proto3","remarks_proto3","Do you want to evaluate another prototype?","PageOrder","Prototype 1:final_ranking","Prototype 2:final_ranking","Prototype 3:final_ranking","general_comments","keepinformed_results","contactforadditionalquestions","emailaddress"
"10","Apr 10, 2018 10:59:02","Apr 10, 2018 11:46:44","Complete","","","Ajay","English","","","1523350742_5acc7cd62767f2.31489665","Mozilla/5.0 (Windows NT 10.0; Win64; x64) AppleWebKit/537.36 (KHTML, like Gecko) Chrome/61.0.3163.10","Mozilla/5.0 (Windows NT 10.0; Win64; x64) AppleWebKit/537.36 (KHTML, like Gecko) Chrome/61.0.3163.100 Safari/537.36","","139.63.39.132","4.3337001800537","52.08150100708","Netherlands","Den Haag","11","2595","","","","","","","","","","","","","","","","","","","","","","","","","","","","","","","","","","1 year or less","3-5 years","Daily or more often","Yearly","","Industry, proprietary","TNO","","Development","","","","","","Research","","","4","","","","","","","","Github Pull Requests","","","","","","Somewhat satisfied","","Strongly Agree","Strongly Agree","Strongly Disagree","Strongly Agree","Strongly Agree","Strongly Disagree","Disagree","Strongly Disagree","","Yes","1,3,4,6,5","Neither","Disagree","Disagree","Disagree","Neither","Agree","Agree","Neither","","","1,3,4,6,5,7","Neither","Disagree","Strongly Agree","Strongly Agree","Disagree","Disagree","Agree","Agree","","Yes","1,3,4,6","","","","","No","No",""
"11","Apr 10, 2018 12:15:32","Apr 10, 2018 12:54:00","Complete","","","Vasilis","English","","","1523355332_5acc8ec479dcf6.75924246","Mozilla/5.0 (X11; Linux x86_64) AppleWebKit/537.36 (KHTML, like Gecko) Chrome/65.0.3325.181 Safari/5","Mozilla/5.0 (X11; Linux x86_64) AppleWebKit/537.36 (KHTML, like Gecko) Chrome/65.0.3325.181 Safari/537.36","","145.94.127.126","4.3782000541687","52.018600463867","Netherlands","Delft","11","2616","","","","","","","","","","","","","","","","","","","","","","","","","","","","","","","","","","Never done it, so far","3-5 years","Weekly","Yearly","Open source","","","None","","","","","","","Research","","","3","","","","","","","","Github Pull Requests","","","","","","Mostly satisfied","","Agree","Agree","Disagree","Agree","Neither","Disagree","Disagree","Disagree","","Yes","1,3,4,7,5","Disagree","Disagree","Disagree","Disagree","Strongly Agree","Neither","Agree","Agree","Maybe add an option to be able to view only the changes (and history) that I have made? E.g. only classes that I have submitted code for (even after my submissions, how has ""my"" code evolved).","Yes","1,3,4,7","Disagree","Strongly Disagree","Agree","Agree","Disagree","Disagree","Neither","Strongly Agree","","","1,3,4,7,5,6","","","","I guess it would be valuable to have some questions in the end (after I have seen all the prototypes) to bee able to actually compare them, and answer the questions after I have seen everything.","Yes","Yes","milias.vasilis@gmail.com"
"12","Apr 11, 2018 10:30:39","Apr 11, 2018 11:43:33","Complete","","","Harris","English","","","1523435439_5acdc7af847362.30062429","Mozilla/5.0 (Windows NT 10.0; Win64; x64) AppleWebKit/537.36 (KHTML, like Gecko) Chrome/65.0.3325.18","Mozilla/5.0 (Windows NT 10.0; Win64; x64) AppleWebKit/537.36 (KHTML, like Gecko) Chrome/65.0.3325.181 Safari/537.36","","80.112.155.228","4.3743000030518","52.003101348877","Netherlands","Delft","11","2628","","","","","","","","","","","","","","","","","","","","","","","","","","","","","","","","","","Never done it, so far","6-10 years","Weekly","Weekly","","Industry, proprietary","tudelft","","Development","","","","","","","","","1","","","","","","","","Github Pull Requests","","","General software development tools (IDE, SCM, ticket system / bug tracker)","","","Mostly satisfied","","Disagree","Disagree","Agree","Strongly Agree","Agree","Disagree","Neither","Disagree","It's really useful to have the change details in case there are a lot of changes that are hard to keep track of in the overview window.","No","1,3,4,5","","","","","","","","","","","","","","","","","","","","","","","","","","","Yes","Yes","c.valsamos@student.tudelft.nl"
"13","Apr 11, 2018 10:55:39","Apr 11, 2018 11:00:37","Partial","","","Unusable, probably","English","","","1523436939_5acdcd8b42ce01.29904679","Mozilla/5.0 (Windows NT 10.0; Win64; x64) AppleWebKit/537.36 (KHTML, like Gecko) Chrome/65.0.3325.18","Mozilla/5.0 (Windows NT 10.0; Win64; x64) AppleWebKit/537.36 (KHTML, like Gecko) Chrome/65.0.3325.181 Safari/537.36","","145.94.190.151","4.3782000541687","52.018600463867","Netherlands","Delft","11","2616","","","","","","","","","","","","","","","","","","","","","","","","","","","","","","","","","","Never done it, so far","11 years or more","Daily or more often","Weekly","","Industry, proprietary","TU Delft","","","","","","","","Research","","","0","","","","JetBrains Upsource","","","","Github Pull Requests","","Gitlab","","","","Neither satisfied or dissatisfied","They are not particularly user-friendly.","","","","","","","","","","","","","","","","","","","","","","","","","","","","","","","","","","","","","","","",""
"14","Apr 11, 2018 14:42:59","Apr 11, 2018 16:59:58","Complete","","","","English","","","1523450579_5ace02d35531c6.38112215","Mozilla/5.0 (Windows NT 10.0; Win64; x64) AppleWebKit/537.36 (KHTML, like Gecko) Chrome/65.0.3325.18","Mozilla/5.0 (Windows NT 10.0; Win64; x64) AppleWebKit/537.36 (KHTML, like Gecko) Chrome/65.0.3325.181 Safari/537.36","","83.84.240.26","4.2298998832703","52.048400878906","Netherlands","Den Haag","11","2553","","","","","","","","","","","","","","","","","","","","","","","","","","","","","","","","","","3-5 years","3-5 years","Daily or more often","Weekly","Open source","Industry, proprietary","none","none","Development","Test","","","","","Research","","","0","","","","JetBrains Upsource","","","","Github Pull Requests","","Gitlab","","","","Mostly satisfied","","Agree","Strongly Agree","Disagree","Strongly Agree","Strongly Agree","Disagree","Disagree","Disagree","","Yes","1,3,4,6,5","Agree","Neither","Disagree","Disagree","Neither","Agree","Agree","Neither","","","1,3,4,6,5,7","Disagree","Disagree","Strongly Agree","Agree","Disagree","Disagree","Agree","Agree","","Yes","1,3,4,6","","","","","Yes","Yes","p.omidkhoda@student.tudelft.nl"
"15","Apr 11, 2018 17:28:45","Apr 11, 2018 17:54:26","Complete","","","","English","","","1523460525_5ace29ad89de06.46471280","Mozilla/5.0 (X11; Linux x86_64) AppleWebKit/537.36 (KHTML, like Gecko) Chrome/64.0.3282.189 Safari/5","Mozilla/5.0 (X11; Linux x86_64) AppleWebKit/537.36 (KHTML, like Gecko) Chrome/64.0.3282.189 Safari/537.36 Vivaldi/1.95.1077.60","","217.100.20.26","4.359799861908","52.012001037598","Netherlands","Delft","11","2611","","","","","","","","","","","","","","","","","","","","","","","","","","","","","","","","","","3-5 years","6-10 years","Daily or more often","Daily or more often","","Industry, proprietary","c42","","Development","","","","","","","","","3","","","","","","","","Github Pull Requests","","","","","","Completely satisfied","","Strongly Agree","Strongly Agree","Strongly Disagree","Strongly Agree","Strongly Agree","Strongly Disagree","Strongly Disagree","Strongly Disagree","Already want to try this one :)","","1,3,4,7,6,5","Disagree","Strongly Disagree","Strongly Disagree","Disagree","Agree","Disagree","I don't know","Neither","Usually I want to be focused on changes in code and context of how this code is called is not needed that often","Yes","1,3,4,7","Strongly Agree","Agree","Strongly Disagree","I don't know","Agree","I don't know","Strongly Disagree","Disagree","","Yes","1,3,4,7,6","","","","","No","No",""
"16","Apr 11, 2018 17:44:27","Apr 11, 2018 17:44:31","Partial","","","","English","","","1523461467_5ace2d5b675474.71024176","Mozilla/5.0 (Macintosh; Intel Mac OS X 10_13_4) AppleWebKit/537.36 (KHTML, like Gecko) Chrome/65.0.3","Mozilla/5.0 (Macintosh; Intel Mac OS X 10_13_4) AppleWebKit/537.36 (KHTML, like Gecko) Chrome/65.0.3325.181 Safari/537.36","","212.182.161.73","4.4749999046326","52.181098937988","Netherlands","Oegstgeest","11","2341","","","","","","","","","","","","","","","","","","","","","","","","","","","","","","","","","","","","","","","","","","","","","","","","","","","","","","","","","","","","","","","","","","","","","","","","","","","","","","","","","","","","","","","","","","","","","","","","","","","","","","","","","",""
"17","Apr 11, 2018 18:05:48","Apr 11, 2018 18:09:04","Partial","","","","English","","","1523462748_5ace325c810842.32999584","Mozilla/5.0 (Macintosh; Intel Mac OS X 10_13_3) AppleWebKit/537.36 (KHTML, like Gecko) Chrome/65.0.3","Mozilla/5.0 (Macintosh; Intel Mac OS X 10_13_3) AppleWebKit/537.36 (KHTML, like Gecko) Chrome/65.0.3325.181 Safari/537.36","","45.2.195.145","-63.601699829102","44.661998748779","Canada","Halifax","NS","B3K","","","","","","","","","","","","","","","","","","","","","","","","","","","","","","","","","","11 years or more","6-10 years","Daily or more often","Weekly","","Industry, proprietary","Calendar42","","Development","","","","","","","","","3","","","","","","","","Github Pull Requests","","","","","","Neither satisfied or dissatisfied","Sometimes it is confusing to understand a code review conversation once the pull request is updateed","","","","","","","","","","","","","","","","","","","","","","","","","","","","","","","","","","","","","","","",""
"18","Apr 12, 2018 09:59:57","Apr 12, 2018 10:22:46","Complete","","","","English","","","1523519997_5acf11fdd8b230.20302806","Mozilla/5.0 (Windows NT 10.0; Win64; x64) AppleWebKit/537.36 (KHTML, like Gecko) Chrome/58.0.3029.11","Mozilla/5.0 (Windows NT 10.0; Win64; x64) AppleWebKit/537.36 (KHTML, like Gecko) Chrome/58.0.3029.110 Safari/537.36 Edge/16.16299","","156.114.129.8","4.916699886322","52.349998474121","Netherlands","Amsterdam","07","1091","","","","","","","","","","","","","","","","","","","","","","","","","","","","","","","","","","1 year or less","3-5 years","Daily or more often","Never","","Industry, proprietary","Intern in ING","","Development","","","","","","","","","12","","","","","","","","","","","","","","","","Disagree","Neither","Agree","Neither","Neither","Disagree","Neither","Neither","","Yes","1,3,4,6,5","Neither","Neither","Strongly Disagree","Disagree","Agree","Strongly Agree","Strongly Agree","Agree","","","1,3,4,6,5,7","Disagree","Disagree","Strongly Agree","Agree","Disagree","Disagree","Agree","Strongly Agree","","Yes","1,3,4,6","","","","","Yes","Yes","gnnspap7@gmail.com"
"19","Apr 12, 2018 12:49:51","Apr 12, 2018 13:10:28","Complete","","","","English","","","1523530191_5acf39cf92edb2.15232477","Mozilla/5.0 (Windows NT 10.0; Win64; x64) AppleWebKit/537.36 (KHTML, like Gecko) Chrome/65.0.3325.18","Mozilla/5.0 (Windows NT 10.0; Win64; x64) AppleWebKit/537.36 (KHTML, like Gecko) Chrome/65.0.3325.181 Safari/537.36","","80.112.133.86","4.3743000030518","52.003101348877","Netherlands","Delft","11","2628","","","","","","","","","","","","","","","","","","","","","","","","","","","","","","","","","","Never done it, so far","3-5 years","Daily or more often","Daily or more often","Open source","","","Ordering tool for thesis","","","","","","","Research","","","1","","","","","","","","Github Pull Requests","","","","","","Somewhat satisfied","","Disagree","Disagree","Strongly Disagree","Strongly Agree","Disagree","Disagree","Neither","Agree","","Yes","1,3,4,5","Neither","Disagree","Strongly Disagree","Strongly Disagree","Neither","Agree","Agree","Neither","","","1,3,4,5,6,7","Strongly Disagree","Strongly Disagree","Strongly Agree","Agree","Strongly Disagree","Strongly Disagree","Strongly Agree","Agree","I think it would be nice to add an option to close the two callee and callers bars when comparing two classes. In this way, the user can have a better view of the two classes code. Then, if he wants, he can reopen the two side bars and continue the navigation in the tool.","Yes","1,3,4,5,6","","","","","Yes","Yes","e.fregnan@student.tudelft.nl"
"20","Apr 12, 2018 13:57:51","Apr 12, 2018 14:14:56","Complete","","","","English","","","1523534271_5acf49bf69b374.94752081","Mozilla/5.0 (Macintosh; Intel Mac OS X 10_13_4) AppleWebKit/605.1.15 (KHTML, like Gecko) Version/11.","Mozilla/5.0 (Macintosh; Intel Mac OS X 10_13_4) AppleWebKit/605.1.15 (KHTML, like Gecko) Version/11.1 Safari/605.1.15","","145.94.143.52","4.3782000541687","52.018600463867","Netherlands","Delft","11","2616","","","","","","","","","","","","","","","","","","","","","","","","","","","","","","","","","","2 years","6-10 years","Daily or more often","Weekly","Open source","","","PyDriller;Repodriller;GitPython","","","","","","","Research","","","0","","","","","","","","Github Pull Requests","","","","","","Somewhat dissatisfied","- Navigation between files is difficult - The order of the files is alphabetical (that doesn't make sense) - lack of context","Agree","Agree","Disagree","Agree","Strongly Disagree","Disagree","Strongly Agree","Strongly Agree","The prototype is too complex. When reviewing, what I would like to see is old code, new code. That's it. All the fancy information (like filter by added lines, or the structure of code) are not my primary: the code is. So even though it could be useful to have this kind of information, presenting them in the first page it's not a good idea IMHO.","Yes","1,3,4,5","Strongly Agree","Disagree","Neither","Strongly Agree","Agree","Strongly Disagree","Agree","Neither","As I said for the first tool, the primary information that I want is the code, while the structure is as support. Presenting it as the most important thing is wrong and I wouldn't use it.","","1,3,4,5,6,7","Disagree","Disagree","Agree","Neither","Neither","Disagree","Agree","Agree","I find this tool much easier than the first one. However, from the video many things were unclear so it's quite difficult to judge. But I guess that the idea of having callers and callees is quite nice. ","Yes","1,3,4,5,6","","","","","Yes","Yes","d.spadini@sig.eu"
"21","Apr 12, 2018 14:01:29","Apr 12, 2018 14:01:34","Partial","","","","English","","","1523534489_5acf4a9930de19.39741018","Mozilla/5.0 (Windows NT 6.1; WOW64; Trident/7.0; rv:11.0) like Gecko","Mozilla/5.0 (Windows NT 6.1; WOW64; Trident/7.0; rv:11.0) like Gecko","","131.180.174.117","4.3782000541687","52.018600463867","Netherlands","Delft","11","2616","","","","","","","","","","","","","","","","","","","","","","","","","","","","","","","","","","","","","","","","","","","","","","","","","","","","","","","","","","","","","","","","","","","","","","","","","","","","","","","","","","","","","","","","","","","","","","","","","","","","","","","","","",""
"22","Apr 12, 2018 14:04:42","Apr 12, 2018 14:18:08","Partial","","","","English","","","1523534682_5acf4b5aea0910.61853749","Mozilla/5.0 (iPhone; CPU iPhone OS 11_3 like Mac OS X) AppleWebKit/605.1.15 (KHTML, like Gecko) Vers","Mozilla/5.0 (iPhone; CPU iPhone OS 11_3 like Mac OS X) AppleWebKit/605.1.15 (KHTML, like Gecko) Version/11.0 Mobile/15E148 Safari/604.1","","145.94.160.197","4.3782000541687","52.018600463867","Netherlands","Delft","11","2616","","","","","","","","","","","","","","","","","","","","","","","","","","","","","","","","","","3-5 years","3-5 years","Daily or more often","Weekly","","Industry, proprietary","Tu Delft","","Development","Test","","","","","Research","","","3","","","","","","","","Github Pull Requests","","Gitlab","","","","Somewhat satisfied","","","","","","","","","","","","","","","","","","","","","","","","","","","","","","","","","","","","","","","","",""
"23","Apr 12, 2018 14:15:33","Apr 12, 2018 14:16:44","Partial","","","","English","","","1523535333_5acf4de5982312.71747922","Mozilla/5.0 (Macintosh; Intel Mac OS X 10_13_4) AppleWebKit/605.1.15 (KHTML, like Gecko) Version/11.","Mozilla/5.0 (Macintosh; Intel Mac OS X 10_13_4) AppleWebKit/605.1.15 (KHTML, like Gecko) Version/11.1 Safari/605.1.15","","83.84.17.167","4.359799861908","52.012001037598","Netherlands","Delft","11","2611","","","","","","","","","","","","","","","","","","","","","","","","","","","","","","","","","","3-5 years","11 years or more","Weekly","Monthly","Open source","","","gousiosg/github-mirror","Development","","","","","Management and Administration","Research","","","1","","","","","","","","Github Pull Requests","","","","","","Mostly satisfied","","","","","","","","","","","","","","","","","","","","","","","","","","","","","","","","","","","","","","","","",""
"24","Apr 12, 2018 14:33:56","Apr 12, 2018 14:44:34","Partial","","","","English","","","1523536436_5acf523409efe9.54408846","Mozilla/5.0 (X11; Linux x86_64) AppleWebKit/537.36 (KHTML, like Gecko) Chrome/65.0.3325.181 Safari/5","Mozilla/5.0 (X11; Linux x86_64) AppleWebKit/537.36 (KHTML, like Gecko) Chrome/65.0.3325.181 Safari/537.36","","86.87.71.162","4.3689999580383","52.071998596191","Netherlands","Voorburg","11","2271","","","","","","","","","","","","","","","","","","","","","","","","","","","","","","","","","","1 year or less","6-10 years","Weekly","Monthly","","Industry, proprietary","TU Delft","","Development","Test","","Documentation","","","","","","4","","","","","","","","Github Pull Requests","","","","","","Somewhat dissatisfied","Tools for logistics are okay, but line-by-line code diffs are just terrible for code reviews. PRs of any relevant size take a long time to review just because it's not easy to see what changed at a high level.","","","","","","","","","","","","","","","","","","","","","","","","","","","","","","","","","","","","","","","",""
"25","Apr 12, 2018 14:41:28","Apr 12, 2018 14:43:53","Partial","","","","English","","","1523536888_5acf53f88fad34.49330542","Mozilla/5.0 (X11; Linux x86_64) AppleWebKit/537.36 (KHTML, like Gecko) Chrome/65.0.3325.181 Safari/5","Mozilla/5.0 (X11; Linux x86_64) AppleWebKit/537.36 (KHTML, like Gecko) Chrome/65.0.3325.181 Safari/537.36","","145.94.193.234","4.3782000541687","52.018600463867","Netherlands","Delft","11","2616","","","","","","","","","","","","","","","","","","","","","","","","","","","","","","","","","","3-5 years","3-5 years","Daily or more often","Daily or more often","Open source","","","Mockito, Polymer","Development","","","","","","","","","25","","","","","","","","Github Pull Requests","","","","","","Somewhat satisfied","","","","","","","","","","","","","","","","","","","","","","","","","","","","","","","","","","","","","","","","",""
"26","Apr 12, 2018 14:45:59","Apr 12, 2018 14:46:03","Partial","","","","English","","","1523537159_5acf5507af1716.00925882","Mozilla/5.0 (Macintosh; Intel Mac OS X 10_13_3) AppleWebKit/537.36 (KHTML, like Gecko) Chrome/65.0.3","Mozilla/5.0 (Macintosh; Intel Mac OS X 10_13_3) AppleWebKit/537.36 (KHTML, like Gecko) Chrome/65.0.3325.181 Safari/537.36","","145.94.166.252","4.3782000541687","52.018600463867","Netherlands","Delft","11","2616","","","","","","","","","","","","","","","","","","","","","","","","","","","","","","","","","","","","","","","","","","","","","","","","","","","","","","","","","","","","","","","","","","","","","","","","","","","","","","","","","","","","","","","","","","","","","","","","","","","","","","","","","",""
"27","Apr 12, 2018 15:21:02","Apr 12, 2018 15:21:09","Partial","","","","English","","","1523539262_5acf5d3e015306.28641083","Mozilla/5.0 (Macintosh; Intel Mac OS X 10_13_1) AppleWebKit/604.3.5 (KHTML, like Gecko) Version/11.0","Mozilla/5.0 (Macintosh; Intel Mac OS X 10_13_1) AppleWebKit/604.3.5 (KHTML, like Gecko) Version/11.0.1 Safari/604.3.5","","195.202.50.106","11.555199623108","48.142700195312","Germany","Munich","02","80335","","","","","","","","","","","","","","","","","","","","","","","","","","","","","","","","","","","","","","","","","","","","","","","","","","","","","","","","","","","","","","","","","","","","","","","","","","","","","","","","","","","","","","","","","","","","","","","","","","","","","","","","","",""
"28","Apr 12, 2018 15:21:57","Apr 12, 2018 15:33:21","Partial","","","","English","","","1523539317_5acf5d755e15d7.99523799","Mozilla/5.0 (Macintosh; Intel Mac OS X 10_12_6) AppleWebKit/537.36 (KHTML, like Gecko) Chrome/65.0.3","Mozilla/5.0 (Macintosh; Intel Mac OS X 10_12_6) AppleWebKit/537.36 (KHTML, like Gecko) Chrome/65.0.3325.181 Safari/537.36","","192.36.225.150","11.96669960022","57.716701507568","Sweden","Gothenburg","28","408 02","","","","","","","","","","","","","","","","","","","","","","","","","","","","","","","","","","","","","","","","","","","","","","","","","","","","","","","","","","","","","","","","","","","","","","","","","","","","","","","","","","","","","","","","","","","","","","","","","","","","","","","","","",""
"29","Apr 14, 2018 10:35:45","Apr 14, 2018 10:36:08","Partial","","","","English","","","1523694945_5ad1bd61e87722.69091683","Mozilla/5.0 (Windows NT 10.0; Win64; x64) AppleWebKit/537.36 (KHTML, like Gecko) Chrome/65.0.3325.18","Mozilla/5.0 (Windows NT 10.0; Win64; x64) AppleWebKit/537.36 (KHTML, like Gecko) Chrome/65.0.3325.181 Safari/537.36","","80.112.145.230","4.3418002128601","51.992298126221","Netherlands","Delft","11","2625","","","","","","","","","","","","","","","","","","","","","","","","","","","","","","","","","","","","","","","","","","","","","","","","","","","","","","","","","","","","","","","","","","","","","","","","","","","","","","","","","","","","","","","","","","","","","","","","","","","","","","","","","",""
"30","Apr 14, 2018 22:00:26","Apr 14, 2018 22:53:51","Complete","","","","English","","","1523736026_5ad25dda0a7258.43633327","Mozilla/5.0 (Macintosh; Intel Mac OS X 10_13_4) AppleWebKit/537.36 (KHTML, like Gecko) Chrome/65.0.3","Mozilla/5.0 (Macintosh; Intel Mac OS X 10_13_4) AppleWebKit/537.36 (KHTML, like Gecko) Chrome/65.0.3325.181 Safari/537.36","","80.114.140.243","4.3551998138428","51.995800018311","Netherlands","Delft","11","2624","","","","","","","","","","","","","","","","","","","","","","","","","","","","","","","","","","2 years","3-5 years","Daily or more often","Weekly","","Industry, proprietary","bunq","","Development","","","","","","Research","","","4","","","","","","","","Github Pull Requests","","Gitlab","","","","Neither satisfied or dissatisfied","Big pull requests are hard to grasp; files are typically in alphabetical order and it's difficult to see the structure from a long list of file changes.","Neither","Agree","Neither","Agree","Agree","Disagree","Neither","Disagree","The tool looks complex, but contains a lot of valuable info","","1,3,4,7,6,5","Disagree","Strongly Disagree","Neither","Disagree","Strongly Agree","Agree","Agree","Strongly Agree","The arrows refer to callees of modified methods, but multiple methods can be changed within a class. So then hovering the arrow will give output for all of the methods? (Showing all callees of all methods)","Yes","1,3,4,7","Agree","Neither","Neither","Disagree","Strongly Disagree","Neither","Strongly Disagree","Strongly Agree","This prototype basically only shows call graphs. I think the other prototype shows more useful information (suggestions for context analysis and how different classes relate to oneother).","Yes","1,3,4,7,6","","","","n/a","Yes","Yes","S.Y.vandenOever@student.tudelft.nl"
"36","Apr 23, 2018 09:47:24","Apr 23, 2018 09:47:26","Partial","","","","English","","","1524469644_5add8f8c78d174.66380745","Mozilla/5.0 (X11; Linux x86_64) AppleWebKit/537.36 (KHTML, like Gecko) Chrome/66.0.3359.117 Safari/5","Mozilla/5.0 (X11; Linux x86_64) AppleWebKit/537.36 (KHTML, like Gecko) Chrome/66.0.3359.117 Safari/537.36","","80.113.23.117","4.5145998001099","51.915599822998","Netherlands","Rotterdam","11","3063","","","","","","","","","","","","","","","","","","","","","","","","","","","","","","","","","","","","","","","","","","","","","","","","","","","","","","","","","","","","","","","","","","","","","","","","","","","","","","","","","","","","","","","","","","","","","","","","","","","","","","","","","",""
"37","Apr 23, 2018 11:43:38","Apr 23, 2018 12:09:07","Complete","","","","English","","","1524476618_5addaaca1fdec6.75460108","Mozilla/5.0 (X11; Ubuntu; Linux i686; rv:59.0) Gecko/20100101 Firefox/59.0","Mozilla/5.0 (X11; Ubuntu; Linux i686; rv:59.0) Gecko/20100101 Firefox/59.0","","95.128.91.50","4.3639998435974","52.017700195312","Netherlands","Delft","11","2612","","","","","","","","","","","","","","","","","","","","","","","","","","","","","","","","","","2 years","2 years","Yearly","Weekly","","Industry, proprietary","Brightsight; Oracle Java Card","","","Test","","","","","","Other - Write In (Required)","security evaluation","15","","","","","","","","","","","General software development tools (IDE, SCM, ticket system / bug tracker)","","","Mostly satisfied","","Agree","Neither","Agree","Agree","Agree","Disagree","Neither","Disagree","","","1,3,4,6,7,5","Disagree","Neither","Disagree","Disagree","Strongly Agree","Strongly Agree","Agree","Strongly Agree","","Yes","1,3,4,6,7","Disagree","Disagree","Agree","Agree","Neither","Disagree","Agree","Agree","","Yes","1,3,4,6","2","1","3","","Yes","Yes","saberferjani@gmail.com"
"38","Apr 23, 2018 14:29:37","Apr 23, 2018 14:33:41","Partial","","","","English","https://t.co/70ODBB4zWS?amp=1","https://t.co/70ODBB4zWS?amp=1","1524486577_5addd1b1d07733.07472268","Mozilla/5.0 (Linux; Android 7.0; WAS-LX1 Build/HUAWEIWAS-LX1) AppleWebKit/537.36 (KHTML, like Gecko)","Mozilla/5.0 (Linux; Android 7.0; WAS-LX1 Build/HUAWEIWAS-LX1) AppleWebKit/537.36 (KHTML, like Gecko) Chrome/65.0.3325.109 Mobile Safari/537.36","","173.38.220.57","5.2354001998901","52.38809967041","Netherlands","Almere","16","1317","","","","","","","","","","","","","","","","","","","","","","","","","","","","","","","","","","2 years","3-5 years","Daily or more often","Weekly","","Industry, proprietary","CISCO","","","","","","","","Research","","","6","","Atlassian Crucible","","","","","","","","","","","","Somewhat dissatisfied","Not easy to understand what changed","","","","","","","","","","","","","","","","","","","","","","","","","","","","","","","","","","","","","","","",""
"39","Apr 23, 2018 15:10:14","Apr 23, 2018 15:12:25","Partial","","","","English","https://t.co/70ODBB4zWS?amp=1","https://t.co/70ODBB4zWS?amp=1","1524489014_5adddb36cf77a6.26306046","Mozilla/5.0 (Linux; Android 7.0; Redmi Note 4 Build/NRD90M) AppleWebKit/537.36 (KHTML, like Gecko) C","Mozilla/5.0 (Linux; Android 7.0; Redmi Note 4 Build/NRD90M) AppleWebKit/537.36 (KHTML, like Gecko) Chrome/65.0.3325.109 Mobile Safari/537.36","","80.132.253.237","11.145700454712","49.259700775146","Germany","Roth","02","91154","","","","","","","","","","","","","","","","","","","","","","","","","","","","","","","","","","11 years or more","6-10 years","Daily or more often","Weekly","Open source","Industry, proprietary","-","-","Development","","","","","","","","","2","","Atlassian Crucible","","","","","","","","","","","","Mostly dissatisfied","","","","","","","","","","","","","","","","","","","","","","","","","","","","","","","","","","","","","","","","",""
"40","Apr 24, 2018 03:13:41","Apr 24, 2018 03:14:42","Partial","","","","English","https://t.co/70ODBB4zWS","https://t.co/70ODBB4zWS","1524532421_5ade84c5ec01d0.24789695","Mozilla/5.0 (Macintosh; Intel Mac OS X 10_13_3) AppleWebKit/537.36 (KHTML, like Gecko) Chrome/64.0.3","Mozilla/5.0 (Macintosh; Intel Mac OS X 10_13_3) AppleWebKit/537.36 (KHTML, like Gecko) Chrome/64.0.3282.140 Safari/537.36","","129.127.247.108","138.59860229492","-34.928699493408","Australia","Adelaide","05","5000","","","","","","","","","","","","","","","","","","","","","","","","","","","","","","","","","","","","","","","","","","","","","","","","","","","","","","","","","","","","","","","","","","","","","","","","","","","","","","","","","","","","","","","","","","","","","","","","","","","","","","","","","",""
"41","Apr 24, 2018 07:35:23","Apr 24, 2018 07:35:40","Partial","","","","English","","","1524548122_5adec21ac5c2a3.59375260","Mozilla/5.0 (Linux; Android 6.0.1; A0001 Build/MHC19Q) AppleWebKit/537.36 (KHTML, like Gecko) Chrome","Mozilla/5.0 (Linux; Android 6.0.1; A0001 Build/MHC19Q) AppleWebKit/537.36 (KHTML, like Gecko) Chrome/65.0.3325.109 Mobile Safari/537.36","","37.170.5.13","2.25","48.950000762939","France","Argenteuil","A8","95100","","","","","","","","","","","","","","","","","","","","","","","","","","","","","","","","","","","","","","","","","","","","","","","","","","","","","","","","","","","","","","","","","","","","","","","","","","","","","","","","","","","","","","","","","","","","","","","","","","","","","","","","","",""
"42","Apr 24, 2018 10:30:46","Apr 24, 2018 10:34:11","Partial","","","","English","https://www.linkedin.com/feed/?trk=nav_responsive_tab_home","https://www.linkedin.com/feed/?trk=nav_responsive_tab_home","1524558646_5adeeb365f1355.10424131","Mozilla/5.0 (Macintosh; Intel Mac OS X 10_13_4) AppleWebKit/537.36 (KHTML, like Gecko) Chrome/65.0.3","Mozilla/5.0 (Macintosh; Intel Mac OS X 10_13_4) AppleWebKit/537.36 (KHTML, like Gecko) Chrome/65.0.3325.181 Safari/537.36","","176.10.164.182","11.96669960022","57.716701507568","Sweden","GÃ¶teborg","28","409 88","","","","","","","","","","","","","","","","","","","","","","","","","","","","","","","","","","","","","","","","","","","","","","","","","","","","","","","","","","","","","","","","","","","","","","","","","","","","","","","","","","","","","","","","","","","","","","","","","","","","","","","","","",""
"43","Apr 24, 2018 11:22:36","Apr 24, 2018 11:22:42","Partial","","","","English","https://www.linkedin.com/feed/","https://www.linkedin.com/feed/","1524561756_5adef75c431987.93067985","Mozilla/5.0 (Macintosh; Intel Mac OS X 10_12_6) AppleWebKit/537.36 (KHTML, like Gecko) Chrome/66.0.3","Mozilla/5.0 (Macintosh; Intel Mac OS X 10_12_6) AppleWebKit/537.36 (KHTML, like Gecko) Chrome/66.0.3359.117 Safari/537.36","","80.112.155.1","4.3743000030518","52.003101348877","Netherlands","Delft","11","2628","","","","","","","","","","","","","","","","","","","","","","","","","","","","","","","","","","","","","","","","","","","","","","","","","","","","","","","","","","","","","","","","","","","","","","","","","","","","","","","","","","","","","","","","","","","","","","","","","","","","","","","","","",""
"44","Apr 24, 2018 15:35:43","Apr 24, 2018 15:36:13","Partial","","","","English","android-app://com.linkedin.android","android-app://com.linkedin.android","1524576943_5adf32afa17266.52266425","Mozilla/5.0 (Linux; Android 7.0; SM-G930F Build/NRD90M) AppleWebKit/537.36 (KHTML, like Gecko) Chrom","Mozilla/5.0 (Linux; Android 7.0; SM-G930F Build/NRD90M) AppleWebKit/537.36 (KHTML, like Gecko) Chrome/66.0.3359.126 Mobile Safari/537.36","","79.173.148.100","-0.137600004673","51.462200164795","United Kingdom","London","H9","SW4","","","","","","","","","","","","","","","","","","","","","","","","","","","","","","","","","","","","","","","","","","","","","","","","","","","","","","","","","","","","","","","","","","","","","","","","","","","","","","","","","","","","","","","","","","","","","","","","","","","","","","","","","",""
"45","Apr 24, 2018 17:09:19","Apr 24, 2018 17:09:28","Partial","","","","English","https://www.linkedin.com/feed/","https://www.linkedin.com/feed/","1524582559_5adf489f0f8c48.88440097","Mozilla/5.0 (X11; Linux x86_64) AppleWebKit/537.36 (KHTML, like Gecko) Ubuntu Chromium/65.0.3325.181","Mozilla/5.0 (X11; Linux x86_64) AppleWebKit/537.36 (KHTML, like Gecko) Ubuntu Chromium/65.0.3325.181 Chrome/65.0.3325.181 Safari/537.36","","188.78.99.60","-3.7026000022888","40.416500091553","Spain","Madrid","29","28004","","","","","","","","","","","","","","","","","","","","","","","","","","","","","","","","","","","","","","","","","","","","","","","","","","","","","","","","","","","","","","","","","","","","","","","","","","","","","","","","","","","","","","","","","","","","","","","","","","","","","","","","","",""
"46","Apr 25, 2018 04:42:34","Apr 25, 2018 04:43:00","Partial","","","","English","","","1524624154_5adfeb1ad560d2.57737113","Mozilla/5.0 (Linux; Android 8.0.0; SM-G950W Build/R16NW) AppleWebKit/537.36 (KHTML, like Gecko) Chro","Mozilla/5.0 (Linux; Android 8.0.0; SM-G950W Build/R16NW) AppleWebKit/537.36 (KHTML, like Gecko) Chrome/66.0.3359.126 Mobile Safari/537.36","","209.52.88.232","-123.13330078125","49.25","Canada","Vancouver","BC","V6H","","","","","","","","","","","","","","","","","","","","","","","","","","","","","","","","","","Never done it, so far","Never done it, so far","Never","Never","Open source","","","","Development","","","","","","","","","2","","","","","","","","","","","","","","","","","","","","","","","","","","","","","","","","","","","","","","","","","","","","","","","","","","","","","","",""
"47","Apr 25, 2018 07:58:26","Apr 25, 2018 07:58:33","Partial","","","","English","https://lm.facebook.com/","https://lm.facebook.com/","1524635906_5ae01902eb82e9.13549028","Mozilla/5.0 (Linux; Android 7.0; LG-H910 Build/NRD90M; wv) AppleWebKit/537.36 (KHTML, like Gecko) Ve","Mozilla/5.0 (Linux; Android 7.0; LG-H910 Build/NRD90M; wv) AppleWebKit/537.36 (KHTML, like Gecko) Version/4.0 Chrome/65.0.3325.109 Mobile Safari/537.36 [FB_IAB/FB4A;FBAV/169.0.0.46.94;]","","80.60.39.62","4.6470999717712","52.312099456787","Netherlands","Hoofddorp","07","2134","","","","","","","","","","","","","","","","","","","","","","","","","","","","","","","","","","","","","","","","","","","","","","","","","","","","","","","","","","","","","","","","","","","","","","","","","","","","","","","","","","","","","","","","","","","","","","","","","","","","","","","","","",""
"48","Apr 25, 2018 09:10:44","Apr 25, 2018 09:11:14","Partial","","","","English","https://www.linkedin.com/","https://www.linkedin.com/","1524640244_5ae029f40e5003.05933432","Mozilla/5.0 (iPhone; CPU iPhone OS 11_3 like Mac OS X) AppleWebKit/605.1.15 (KHTML, like Gecko) Mobi","Mozilla/5.0 (iPhone; CPU iPhone OS 11_3 like Mac OS X) AppleWebKit/605.1.15 (KHTML, like Gecko) Mobile/15E216","","62.41.73.83","4.8994998931885","52.382400512695","Netherlands","","","","","","","","","","","","","","","","","","","","","","","","","","","","","","","","","","","","","","","","","","","","","","","","","","","","","","","","","","","","","","","","","","","","","","","","","","","","","","","","","","","","","","","","","","","","","","","","","","","","","","","","","","","","",""
"49","Apr 25, 2018 10:14:38","Apr 25, 2018 10:15:20","Partial","","","","English","https://www.facebook.com/","https://www.facebook.com/","1524644078_5ae038eec655c5.52014417","Mozilla/5.0 (Windows NT 10.0; Win64; x64) AppleWebKit/537.36 (KHTML, like Gecko) Chrome/65.0.3325.18","Mozilla/5.0 (Windows NT 10.0; Win64; x64) AppleWebKit/537.36 (KHTML, like Gecko) Chrome/65.0.3325.181 Safari/537.36","","83.84.1.199","4.359799861908","52.012001037598","Netherlands","Delft","11","2611","","","","","","","","","","","","","","","","","","","","","","","","","","","","","","","","","","","","","","","","","","","","","","","","","","","","","","","","","","","","","","","","","","","","","","","","","","","","","","","","","","","","","","","","","","","","","","","","","","","","","","","","","",""
"50","Apr 25, 2018 10:38:02","Apr 25, 2018 10:38:10","Partial","","","","English","https://m.facebook.com/","https://m.facebook.com/","1524645482_5ae03e6a03ada0.31424175","Mozilla/5.0 (iPhone; CPU iPhone OS 11_3 like Mac OS X) AppleWebKit/604.1.34 (KHTML, like Gecko) CriO","Mozilla/5.0 (iPhone; CPU iPhone OS 11_3 like Mac OS X) AppleWebKit/604.1.34 (KHTML, like Gecko) CriOS/66.0.3359.122 Mobile/15E216 Safari/604.1","","145.100.112.239","4.916699886322","52.349998474121","Netherlands","Amsterdam","07","1091","","","","","","","","","","","","","","","","","","","","","","","","","","","","","","","","","","","","","","","","","","","","","","","","","","","","","","","","","","","","","","","","","","","","","","","","","","","","","","","","","","","","","","","","","","","","","","","","","","","","","","","","","",""
"51","Apr 25, 2018 11:07:28","Apr 25, 2018 11:07:55","Partial","","","","English","https://www.facebook.com/","https://www.facebook.com/","1524647248_5ae045506697f4.76714076","Mozilla/5.0 (X11; Linux x86_64) AppleWebKit/537.36 (KHTML, like Gecko) Chrome/66.0.3359.117 Safari/5","Mozilla/5.0 (X11; Linux x86_64) AppleWebKit/537.36 (KHTML, like Gecko) Chrome/66.0.3359.117 Safari/537.36","","145.94.226.248","4.3782000541687","52.018600463867","Netherlands","Delft","11","2616","","","","","","","","","","","","","","","","","","","","","","","","","","","","","","","","","","","","","","","","","","","","","","","","","","","","","","","","","","","","","","","","","","","","","","","","","","","","","","","","","","","","","","","","","","","","","","","","","","","","","","","","","",""
"52","Apr 25, 2018 11:42:08","Apr 25, 2018 11:42:29","Partial","","","","English","https://lm.facebook.com/","https://lm.facebook.com/","1524649328_5ae04d70c26041.45745264","Mozilla/5.0 (Linux; Android 8.0.0; HTC 10 Build/OPR1.170623.027; wv) AppleWebKit/537.36 (KHTML, like","Mozilla/5.0 (Linux; Android 8.0.0; HTC 10 Build/OPR1.170623.027; wv) AppleWebKit/537.36 (KHTML, like Gecko) Version/4.0 Chrome/66.0.3359.126 Mobile Safari/537.36 [FB_IAB/FB4A;FBAV/168.0.0.40.90;]","","31.161.152.173","4.8994998931885","52.382400512695","Netherlands","","","","","","","","","","","","","","","","","","","","","","","","","","","","","","","","","","","","","","","","","","","","","","","","","","","","","","","","","","","","","","","","","","","","","","","","","","","","","","","","","","","","","","","","","","","","","","","","","","","","","","","","","","","","",""
"53","Apr 25, 2018 15:42:27","Apr 25, 2018 15:46:27","Partial","","","","English","https://www.facebook.com/","https://www.facebook.com/","1524663747_5ae085c3e9b053.40308365","Mozilla/5.0 (Macintosh; Intel Mac OS X 10_13_4) AppleWebKit/537.36 (KHTML, like Gecko) Chrome/66.0.3","Mozilla/5.0 (Macintosh; Intel Mac OS X 10_13_4) AppleWebKit/537.36 (KHTML, like Gecko) Chrome/66.0.3359.117 Safari/537.36","","80.60.39.62","4.6470999717712","52.312099456787","Netherlands","Hoofddorp","07","2134","","","","","","","","","","","","","","","","","","","","","","","","","","","","","","","","","","2 years","3-5 years","Daily or more often","Weekly","Open source","Industry, proprietary","PARC","Babel, CPython","Development","","","","","","Research","","","3","","","","","","","","Github Pull Requests","","Gitlab","","","","Mostly satisfied","","","","","","","","","","","","","","","","","","","","","","","1,3,4,7","","","","","","","","","","","","","","","","","",""
"54","Apr 25, 2018 18:33:57","Apr 25, 2018 18:34:15","Partial","","","","English","https://t.co/70ODBB4zWS?amp=1","https://t.co/70ODBB4zWS?amp=1","1524674037_5ae0adf59fd141.53676284","Mozilla/5.0 (Macintosh; Intel Mac OS X 10_12_6) AppleWebKit/537.36 (KHTML, like Gecko) Chrome/65.0.3","Mozilla/5.0 (Macintosh; Intel Mac OS X 10_12_6) AppleWebKit/537.36 (KHTML, like Gecko) Chrome/65.0.3325.181 Safari/537.36","","137.82.252.146","-122.82199859619","49.463500976562","Canada","Vancouver","BC","V6T","","","","","","","","","","","","","","","","","","","","","","","","","","","","","","","","","","","","","","","","","","","","","","","","","","","","","","","","","","","","","","","","","","","","","","","","","","","","","","","","","","","","","","","","","","","","","","","","","","","","","","","","","",""
"55","Apr 25, 2018 21:36:43","Apr 25, 2018 21:38:35","Partial","","","","English","https://app.surveygizmo.com/distribute/share/id/4285994","https://app.surveygizmo.com/distribute/share/id/4285994","1524685003_5ae0d8cba39881.80046053","Mozilla/5.0 (X11; Linux x86_64) AppleWebKit/537.36 (KHTML, like Gecko) Chrome/66.0.3359.117 Safari/5","Mozilla/5.0 (X11; Linux x86_64) AppleWebKit/537.36 (KHTML, like Gecko) Chrome/66.0.3359.117 Safari/537.36","","80.113.23.117","4.5145998001099","51.915599822998","Netherlands","Rotterdam","11","3063","","","","","","","","","","","","","","","","","","","","","","","","","","","","","","","","","","Never done it, so far","Never done it, so far","Never","Never","Open source","","","none","","","Visual Design","","","","","","","1","","","","","","","","","","","","","","","","","Strongly Disagree","","","Agree","","","","","","1,3,4,5","","","","","","","","","","","","","","","","","","","","","","","","","","","","",""
"56","Apr 26, 2018 08:16:30","Apr 26, 2018 08:16:49","Partial","","","","English","https://www.linkedin.com/feed/","https://www.linkedin.com/feed/","1524723390_5ae16ebe11e136.10876556","Mozilla/5.0 (Windows NT 10.0; Win64; x64) AppleWebKit/537.36 (KHTML, like Gecko) Chrome/65.0.3325.18","Mozilla/5.0 (Windows NT 10.0; Win64; x64) AppleWebKit/537.36 (KHTML, like Gecko) Chrome/65.0.3325.181 Safari/537.36","","80.114.141.93","4.3551998138428","51.995800018311","Netherlands","Delft","11","2624","","","","","","","","","","","","","","","","","","","","","","","","","","","","","","","","","","","","","","","","","","","","","","","","","","","","","","","","","","","","","","","","","","","","","","","","","","","","","","","","","","","","","","","","","","","","","","","","","","","","","","","","","",""
"57","Apr 26, 2018 09:11:28","Apr 26, 2018 09:11:56","Partial","","","","English","https://www.facebook.com/","https://www.facebook.com/","1524726688_5ae17ba0c8bda3.11690176","Mozilla/5.0 (Windows NT 10.0; Win64; x64; rv:59.0) Gecko/20100101 Firefox/59.0","Mozilla/5.0 (Windows NT 10.0; Win64; x64; rv:59.0) Gecko/20100101 Firefox/59.0","","80.112.155.60","4.3743000030518","52.003101348877","Netherlands","Delft","11","2628","","","","","","","","","","","","","","","","","","","","","","","","","","","","","","","","","","","","","","","","","","","","","","","","","","","","","","","","","","","","","","","","","","","","","","","","","","","","","","","","","","","","","","","","","","","","","","","","","","","","","","","","","",""
"58","Apr 26, 2018 18:36:15","Apr 26, 2018 18:36:20","Partial","","","","English","https://www.linkedin.com/feed/","https://www.linkedin.com/feed/","1524760575_5ae1ffffe2b1a0.63487347","Mozilla/5.0 (Macintosh; Intel Mac OS X 10_13_4) AppleWebKit/605.1.15 (KHTML, like Gecko) Version/11.","Mozilla/5.0 (Macintosh; Intel Mac OS X 10_13_4) AppleWebKit/605.1.15 (KHTML, like Gecko) Version/11.1 Safari/605.1.15","","84.39.77.79","11.286600112915","49.296199798584","Germany","Pyrbaum","02","90602","","","","","","","","","","","","","","","","","","","","","","","","","","","","","","","","","","","","","","","","","","","","","","","","","","","","","","","","","","","","","","","","","","","","","","","","","","","","","","","","","","","","","","","","","","","","","","","","","","","","","","","","","",""
"59","Apr 26, 2018 19:27:35","Apr 26, 2018 19:50:22","Partial","","","","English","https://t.co/","https://t.co/","1524763655_5ae20c072f3ac1.75885107","Mozilla/5.0 (Macintosh; Intel Mac OS X 10.12; rv:59.0) Gecko/20100101 Firefox/59.0","Mozilla/5.0 (Macintosh; Intel Mac OS X 10.12; rv:59.0) Gecko/20100101 Firefox/59.0","","137.82.252.146","-122.82199859619","49.463500976562","Canada","Vancouver","BC","V6T","","","","","","","","","","","","","","","","","","","","","","","","","","","","","","","","","","3-5 years","11 years or more","Daily or more often","Monthly","","Industry, proprietary","University of British Columbia","","Development","","","","","","Research","","","3","","","","","","","","Github Pull Requests","","","","","","Somewhat dissatisfied","There are no IDE-like navigation features (ie. goto def, find all uses) When the diff is large, it takes time to sort through relevant changes.","Agree","Agree","Disagree","Agree","Neither","Disagree","Neither","Neither","","","1,3,4,6,7,5","Neither","Strongly Disagree","Strongly Disagree","Disagree","Agree","Neither","Agree","Agree","","Yes","1,3,4,6,7","Agree","Agree","Neither","Neither","Disagree","Strongly Disagree","Neither","Agree","","Yes","1,3,4,6","1","2","3","","","",""
"60","Apr 26, 2018 20:14:35","Apr 26, 2018 20:14:48","Partial","","","","English","https://www.linkedin.com/","https://www.linkedin.com/","1524766475_5ae2170b789113.50474021","Mozilla/5.0 (iPhone; CPU iPhone OS 11_2_6 like Mac OS X) AppleWebKit/604.5.6 (KHTML, like Gecko) Mob","Mozilla/5.0 (iPhone; CPU iPhone OS 11_2_6 like Mac OS X) AppleWebKit/604.5.6 (KHTML, like Gecko) Mobile/15D100","","47.157.127.27","-118.20189666748","33.754199981689","United States","Long Beach","CA","90802","","","","","","","","","","","","","","","","","","","","","","","","","","","","","","","","","","","","","","","","","","","","","","","","","","","","","","","","","","","","","","","","","","","","","","","","","","","","","","","","","","","","","","","","","","","","","","","","","","","","","","","","","",""
"61","Apr 27, 2018 04:09:47","Apr 27, 2018 04:10:01","Partial","","","","English","android-app://com.linkedin.android","android-app://com.linkedin.android","1524794986_5ae2866a7698c9.66085849","Mozilla/5.0 (Linux; Android 8.1.0; Nexus 6P Build/OPM3.171019.019) AppleWebKit/537.36 (KHTML, like G","Mozilla/5.0 (Linux; Android 8.1.0; Nexus 6P Build/OPM3.171019.019) AppleWebKit/537.36 (KHTML, like Gecko) Chrome/65.0.3325.109 Mobile Safari/537.36","","80.38.49.3","-3.6837999820709","40.416698455811","Spain","Madrid","29","28001","","","","","","","","","","","","","","","","","","","","","","","","","","","","","","","","","","","","","","","","","","","","","","","","","","","","","","","","","","","","","","","","","","","","","","","","","","","","","","","","","","","","","","","","","","","","","","","","","","","","","","","","","",""
"62","Apr 27, 2018 16:47:14","Apr 27, 2018 16:48:48","Partial","","","","English","https://t.co/70ODBB4zWS","https://t.co/70ODBB4zWS","1524840434_5ae337f29b0505.73281074","Mozilla/5.0 (Macintosh; Intel Mac OS X 10_12_6) AppleWebKit/605.1.15 (KHTML, like Gecko) Version/11.","Mozilla/5.0 (Macintosh; Intel Mac OS X 10_12_6) AppleWebKit/605.1.15 (KHTML, like Gecko) Version/11.1 Safari/605.1.15","","173.95.182.111","-79.159202575684","35.913299560547","United States","Chapel Hill","NC","27516","","","","","","","","","","","","","","","","","","","","","","","","","","","","","","","","","","2 years","6-10 years","Daily or more often","Weekly","Open source","","","N/A","Development","Test","Visual Design","","","","Research","","","6","","","","","","","","","","Gitlab","","","","Mostly satisfied","","","","","","","","","","","","","","","","","","","","","","","","","","","","","","","","","","","","","","","","",""
"63","Apr 27, 2018 16:54:19","Apr 27, 2018 16:56:40","Partial","","","","English","https://t.co/70ODBB4zWS?amp=1","https://t.co/70ODBB4zWS?amp=1","1524840859_5ae3399b897c92.70923427","Mozilla/5.0 (iPhone; CPU iPhone OS 11_3 like Mac OS X) AppleWebKit/605.1.15 (KHTML, like Gecko) Vers","Mozilla/5.0 (iPhone; CPU iPhone OS 11_3 like Mac OS X) AppleWebKit/605.1.15 (KHTML, like Gecko) Version/11.0 Mobile/15E148 Safari/604.1","","77.18.51.244","10.748700141907","59.904998779297","Norway","Oslo","12","0001","","","","","","","","","","","","","","","","","","","","","","","","","","","","","","","","","","6-10 years","11 years or more","Daily or more often","Weekly","Open source","Industry, proprietary","Research; Industry",";","Development","","","","","","Research","","","3","","","","","","","","Github Pull Requests","","","General software development tools (IDE, SCM, ticket system / bug tracker)","","","Mostly satisfied","","","","","","","","","","","","","","","","","","","","","","","","","","","","","","","","","","","","","","","","",""
"64","Apr 27, 2018 18:59:04","Apr 27, 2018 19:04:51","Partial","","","","English","https://t.co/70ODBB4zWS?amp=1","https://t.co/70ODBB4zWS?amp=1","1524848344_5ae356d87fd7e9.13201626","Mozilla/5.0 (iPhone; CPU iPhone OS 11_3 like Mac OS X) AppleWebKit/605.1.15 (KHTML, like Gecko) Vers","Mozilla/5.0 (iPhone; CPU iPhone OS 11_3 like Mac OS X) AppleWebKit/605.1.15 (KHTML, like Gecko) Version/11.0 Mobile/15E148 Safari/604.1","","83.85.27.199","4.3038001060486","52.035701751709","Netherlands","Rijswijk","11","2285","","","","","","","","","","","","","","","","","","","","","","","","","","","","","","","","","","Never done it, so far","6-10 years","Daily or more often","Never","Open source","","","Scikit learn","","","","","","","Research","","","4","","","","","","","","","","","","","","","","","","","","","","","","","","","","","","","","","","","","","","","","","","","","","","","","","","","","","","",""
"65","Apr 27, 2018 21:20:49","Apr 27, 2018 21:23:25","Partial","","","","English","https://t.co/70ODBB4zWS?amp=1","https://t.co/70ODBB4zWS?amp=1","1524856849_5ae37811aeaae5.66233418","Mozilla/5.0 (iPhone; CPU iPhone OS 11_3 like Mac OS X) AppleWebKit/605.1.15 (KHTML, like Gecko) Vers","Mozilla/5.0 (iPhone; CPU iPhone OS 11_3 like Mac OS X) AppleWebKit/605.1.15 (KHTML, like Gecko) Version/11.0 Mobile/15E148 Safari/604.1","","93.168.60.247","46.715198516846","24.653699874878","Saudi Arabia","Riyadh","10","","","","","","","","","","","","","","","","","","","","","","","","","","","","","","","","","","","3-5 years","6-10 years","Daily or more often","Weekly","","Industry, proprietary","Elm","","Development","","","","","","","","","7","","","","","","","","","","","General software development tools (IDE, SCM, ticket system / bug tracker)","","","Somewhat dissatisfied","No official process","","","","","","","","","","","","","","","","","","","","","","","","","","","","","","","","","","","","","","","",""
"66","Apr 27, 2018 22:21:53","Apr 27, 2018 22:24:01","Partial","","","","English","https://t.co/70ODBB4zWS?amp=1","https://t.co/70ODBB4zWS?amp=1","1524860513_5ae386616db106.75572975","Mozilla/5.0 (Linux; Android 6.0; HTC One_M8 Build/MRA58K) AppleWebKit/537.36 (KHTML, like Gecko) Chr","Mozilla/5.0 (Linux; Android 6.0; HTC One_M8 Build/MRA58K) AppleWebKit/537.36 (KHTML, like Gecko) Chrome/61.0.3163.141 Mobile Safari/537.36 OPR/45.1.2246.125351","","87.141.40.77","13.39999961853","52.516700744629","Germany","Berlin","16","12529","","","","","","","","","","","","","","","","","","","","","","","","","","","","","","","","","","11 years or more","11 years or more","Monthly","Weekly","","Industry, proprietary","Assystem","","Development","Test","","","","Management and Administration","Research","","","5","","","","","","","","","","","General software development tools (IDE, SCM, ticket system / bug tracker)","","","Somewhat satisfied","","","","","","","","","","","","","","","","","","","","","","","","","","","","","","","","","","","","","","","","",""
"67","Apr 27, 2018 22:24:48","Apr 27, 2018 22:47:06","Complete","","","","English","https://www.linkedin.com/feed/","https://www.linkedin.com/feed/","1524860687_5ae3870ff3c670.41075246","Mozilla/5.0 (X11; CrOS aarch64 10323.67.0) AppleWebKit/537.36 (KHTML, like Gecko) Chrome/65.0.3325.2","Mozilla/5.0 (X11; CrOS aarch64 10323.67.0) AppleWebKit/537.36 (KHTML, like Gecko) Chrome/65.0.3325.209 Safari/537.36","","85.144.25.114","4.4647002220154","51.994499206543","Netherlands","Rodenrijs","11","2652","","","","","","","","","","","","","","","","","","","","","","","","","","","","","","","","","","3-5 years","3-5 years","Daily or more often","Weekly","","Industry, proprietary","A Microsoft Dynamics Partner","","Development","","","","","","","","","7","","","","","","","","Github Pull Requests","","","General software development tools (IDE, SCM, ticket system / bug tracker)","Other - Write In (Required)","VSOnline Pull Requests; Custom Tools","Neither satisfied or dissatisfied","","Agree","I don't know","Disagree","I don't know","Neither","Disagree","Disagree","I don't know","The main advantage that I see of using the tool is that you can get a complete overview of all the elements that have been touched grouped by type/level, which you don't see directly when using diffs.","Yes","1,3,4,5","Neither","Neither","Neither","I don't know","Agree","Neither","I don't know","I don't know","Good addition to see the relationship between different entities as well.","Yes","1,3,4,5,7","I don't know","Disagree","I don't know","I don't know","Disagree","Neither","Agree","Agree","","","1,3,4,5,7,6","1","3","2","","No","No",""
"68","Apr 28, 2018 10:44:25","Apr 28, 2018 10:45:20","Partial","","","","English","","","1524905065_5ae43469eb5b11.03625709","Mozilla/5.0 (Windows NT 10.0; WOW64; Trident/7.0; LCJB; rv:11.0) like Gecko","Mozilla/5.0 (Windows NT 10.0; WOW64; Trident/7.0; LCJB; rv:11.0) like Gecko","","93.45.82.53","10.214699745178","45.535598754883","Italy","Brescia","09","25122","","","","","","","","","","","","","","","","","","","","","","","","","","","","","","","","","","","","","","","","","","","","","","","","","","","","","","","","","","","","","","","","","","","","","","","","","","","","","","","","","","","","","","","","","","","","","","","","","","","","","","","","","",""
"71","Apr 30, 2018 17:05:05","Apr 30, 2018 17:11:45","Partial","","","","English","","","1525100705_5ae730a172ac76.60158925","Mozilla/5.0 (iPhone; CPU iPhone OS 10_3_3 like Mac OS X) AppleWebKit/603.3.8 (KHTML, like Gecko) Ver","Mozilla/5.0 (iPhone; CPU iPhone OS 10_3_3 like Mac OS X) AppleWebKit/603.3.8 (KHTML, like Gecko) Version/10.0 Mobile/14G60 Safari/602.1","","89.202.144.42","11.883299827576","45.416698455811","Italy","","20","","","","","","","","","","","","","","","","","","","","","","","","","","","","","","","","","","","11 years or more","11 years or more","Daily or more often","Weekly","","Industry, proprietary","Finantix Pro","","Development","","","Documentation","Product Support","","","","","5","","","Atlassian Bitbucket Server (formerly Stash)","","","","","","","","General software development tools (IDE, SCM, ticket system / bug tracker)","","","Somewhat satisfied","","","","","","","","","","","","","","","","","","","","","","","","","","","","","","","","","","","","","","","","",""
"72","Apr 30, 2018 17:10:51","Apr 30, 2018 17:12:16","Partial","","","","English","https://www.reddit.com/r/ItalyInformatica/comments/8fzy4q/ricerca_sulle_code_reviews/","https://www.reddit.com/r/ItalyInformatica/comments/8fzy4q/ricerca_sulle_code_reviews/","1525101050_5ae731faefd889.67055706","Mozilla/5.0 (Macintosh; Intel Mac OS X 10_11_3) AppleWebKit/537.36 (KHTML, like Gecko) Chrome/65.0.3","Mozilla/5.0 (Macintosh; Intel Mac OS X 10_11_3) AppleWebKit/537.36 (KHTML, like Gecko) Chrome/65.0.3325.181 Safari/537.36","","109.112.59.162","9.6667003631592","45.016700744629","Italy","Piacenza","05","29100","","","","","","","","","","","","","","","","","","","","","","","","","","","","","","","","","","3-5 years","6-10 years","Daily or more often","Daily or more often","Open source","Industry, proprietary","Myself.","Monero","Development","","","Documentation","","Management and Administration","","","","200","","","","","","","","Github Pull Requests","","","","","","Somewhat satisfied","","","","","","","","","","","","","","","","","","","","","","","","","","","","","","","","","","","","","","","","",""
"73","Apr 30, 2018 17:34:31","Apr 30, 2018 17:34:47","Partial","","","","English","https://www.reddit.com/r/ItalyInformatica/comments/8fzy4q/ricerca_sulle_code_reviews/","https://www.reddit.com/r/ItalyInformatica/comments/8fzy4q/ricerca_sulle_code_reviews/","1525102471_5ae737879c1e68.78027891","Mozilla/5.0 (Windows NT 10.0; Win64; x64; rv:59.0) Gecko/20100101 Firefox/59.0","Mozilla/5.0 (Windows NT 10.0; Win64; x64; rv:59.0) Gecko/20100101 Firefox/59.0","","83.224.168.149","9.2688999176025","45.74649810791","Italy","Nibionno","09","23895","","","","","","","","","","","","","","","","","","","","","","","","","","","","","","","","","","","","","","","","","","","","","","","","","","","","","","","","","","","","","","","","","","","","","","","","","","","","","","","","","","","","","","","","","","","","","","","","","","","","","","","","","",""
"74","Apr 30, 2018 17:34:50","Apr 30, 2018 17:34:55","Partial","","","","English","https://www.reddit.com/r/ItalyInformatica/comments/8fzy4q/ricerca_sulle_code_reviews/","https://www.reddit.com/r/ItalyInformatica/comments/8fzy4q/ricerca_sulle_code_reviews/","1525102490_5ae7379a4c76f2.80663296","Mozilla/5.0 (Windows NT 10.0; Win64; x64; rv:59.0) Gecko/20100101 Firefox/59.0","Mozilla/5.0 (Windows NT 10.0; Win64; x64; rv:59.0) Gecko/20100101 Firefox/59.0","","83.224.168.149","9.2688999176025","45.74649810791","Italy","Nibionno","09","23895","","","","","","","","","","","","","","","","","","","","","","","","","","","","","","","","","","","","","","","","","","","","","","","","","","","","","","","","","","","","","","","","","","","","","","","","","","","","","","","","","","","","","","","","","","","","","","","","","","","","","","","","","",""
"75","Apr 30, 2018 18:16:03","Apr 30, 2018 18:17:21","Partial","","","","English","https://www.reddit.com/r/learnprogramming/comments/8g060b/academic_survey_on_code_reviews_in_softwar","https://www.reddit.com/r/learnprogramming/comments/8g060b/academic_survey_on_code_reviews_in_software/","1525104963_5ae74143501e29.97971114","Mozilla/5.0 (Windows NT 10.0; Win64; x64; rv:59.0) Gecko/20100101 Firefox/59.0","Mozilla/5.0 (Windows NT 10.0; Win64; x64; rv:59.0) Gecko/20100101 Firefox/59.0","","37.157.33.214","-0.093099996447563","51.514198303223","United Kingdom","London","H9","EC2V","","","","","","","","","","","","","","","","","","","","","","","","","","","","","","","","","","11 years or more","11 years or more","Daily or more often","Daily or more often","","Industry, proprietary","Not Telling","","Development","","","","","","","","","6","","","Atlassian Bitbucket Server (formerly Stash)","","","","","","","","","","","Somewhat satisfied","","","","","","","","","","","","","","","","","","","","","","","","","","","","","","","","","","","","","","","","",""
"76","Apr 30, 2018 18:34:42","Apr 30, 2018 18:34:46","Partial","","","","English","https://www.reddit.com/","https://www.reddit.com/","1525106082_5ae745a2545368.29990663","Mozilla/5.0 (Macintosh; Intel Mac OS X 10_13_4) AppleWebKit/605.1.15 (KHTML, like Gecko) Version/11.","Mozilla/5.0 (Macintosh; Intel Mac OS X 10_13_4) AppleWebKit/605.1.15 (KHTML, like Gecko) Version/11.1 Safari/605.1.15","","79.20.69.104","10.984399795532","45.429901123047","Italy","Verona","20","37122","","","","","","","","","","","","","","","","","","","","","","","","","","","","","","","","","","","","","","","","","","","","","","","","","","","","","","","","","","","","","","","","","","","","","","","","","","","","","","","","","","","","","","","","","","","","","","","","","","","","","","","","","",""
"77","Apr 30, 2018 18:42:35","Apr 30, 2018 18:44:56","Partial","","","","English","https://www.reddit.com/r/learnprogramming/comments/8g060b/academic_survey_on_code_reviews_in_softwar","https://www.reddit.com/r/learnprogramming/comments/8g060b/academic_survey_on_code_reviews_in_software/","1525106555_5ae7477bb12166.38882686","Mozilla/5.0 (Windows NT 10.0; Win64; x64) AppleWebKit/537.36 (KHTML, like Gecko) Chrome/65.0.3325.14","Mozilla/5.0 (Windows NT 10.0; Win64; x64) AppleWebKit/537.36 (KHTML, like Gecko) Chrome/65.0.3325.146 Safari/537.36","","216.231.208.128","-81.585098266602","30.279300689697","United States","Jacksonville","FL","32216","","","","","","","","","","","","","","","","","","","","","","","","","","","","","","","","","","2 years","6-10 years","Daily or more often","Weekly","","Industry, proprietary","Prefer not to answer","","Development","","","","","","","","","6","","","Atlassian Bitbucket Server (formerly Stash)","","","","","","","","","","","Somewhat satisfied","","","","","","","","","","","","","","","","","","","","","","","","","","","","","","","","","","","","","","","","",""
"78","Apr 30, 2018 18:53:16","Apr 30, 2018 18:53:26","Partial","","","","English","https://www.reddit.com/","https://www.reddit.com/","1525107196_5ae749fc3d66e0.95622717","Mozilla/5.0 (Windows NT 10.0; Win64; x64; rv:59.0) Gecko/20100101 Firefox/59.0","Mozilla/5.0 (Windows NT 10.0; Win64; x64; rv:59.0) Gecko/20100101 Firefox/59.0","","82.59.238.173","11.133299827576","46.066699981689","Italy","Trento","17","38100","","","","","","","","","","","","","","","","","","","","","","","","","","","","","","","","","","","","","","","","","","","","","","","","","","","","","","","","","","","","","","","","","","","","","","","","","","","","","","","","","","","","","","","","","","","","","","","","","","","","","","","","","",""
"79","Apr 30, 2018 19:11:05","Apr 30, 2018 19:22:06","Complete","","","","English","https://www.reddit.com/r/learnprogramming/comments/8g060b/academic_survey_on_code_reviews_in_softwar","https://www.reddit.com/r/learnprogramming/comments/8g060b/academic_survey_on_code_reviews_in_software/","1525108265_5ae74e29441117.18022884","Mozilla/5.0 (Windows NT 10.0; Win64; x64; rv:59.0) Gecko/20100101 Firefox/59.0","Mozilla/5.0 (Windows NT 10.0; Win64; x64; rv:59.0) Gecko/20100101 Firefox/59.0","","89.0.66.37","6.8118000030518","50.914901733398","Germany","Frechen","07","50226","","","","","","","","","","","","","","","","","","","","","","","","","","","","","","","","","","3-5 years","6-10 years","Daily or more often","Weekly","","Industry, proprietary","I don't want to tell","","Development","","","","","","","","","4","","","","","","","","","","Gitlab","General software development tools (IDE, SCM, ticket system / bug tracker)","","","Mostly satisfied","","Disagree","Disagree","I don't know","Disagree","Agree","Disagree","Agree","Neither","Why is this a CR tool? When I want to do a CR I only need the diffs.  But something like this tool could be useful for tracking state changes in the program for specific calls in order to spot flawed designs.","No","1,3,5","","","","","","","","","","","","","","","","","","","","","","","","","","Why was I supposed to review prototypes? I though this survey was about code reviews.","No","No",""
"80","Apr 30, 2018 19:27:51","Apr 30, 2018 19:31:36","Partial","","","","English","","","1525109271_5ae752173823a8.99918582","Mozilla/5.0 (Linux; Android 8.1.0; Nexus 5X Build/OPM2.171019.029) AppleWebKit/537.36 (KHTML, like G","Mozilla/5.0 (Linux; Android 8.1.0; Nexus 5X Build/OPM2.171019.029) AppleWebKit/537.36 (KHTML, like Gecko) Chrome/66.0.3359.126 Mobile Safari/537.36","","151.36.107.145","9.1894998550415","45.464298248291","Italy","Milan","09","20131","","","","","","","","","","","","","","","","","","","","","","","","","","","","","","","","","","2 years","6-10 years","Daily or more often","Weekly","","Industry, proprietary","Enhancers","","Development","","","","","","","","","6","","","Atlassian Bitbucket Server (formerly Stash)","","","","","","","","","","","Somewhat dissatisfied","","","","","","","","","","","","","","","","","","","","","","","","","","","","","","","","","","","","","","","","",""
"81","Apr 30, 2018 19:49:15","Apr 30, 2018 19:53:29","Partial","","","","English","https://www.reddit.com/r/learnprogramming/comments/8g060b/academic_survey_on_code_reviews_in_softwar","https://www.reddit.com/r/learnprogramming/comments/8g060b/academic_survey_on_code_reviews_in_software/","1525110555_5ae7571bef5391.24573072","Mozilla/5.0 (Windows NT 6.1; Win64; x64) AppleWebKit/537.36 (KHTML, like Gecko) Chrome/63.0.3239.132","Mozilla/5.0 (Windows NT 6.1; Win64; x64) AppleWebKit/537.36 (KHTML, like Gecko) Chrome/63.0.3239.132 Safari/537.36 OPR/50.0.2762.58","","79.163.206.38","18.481300354004","54.536598205566","Poland","Gdynia","82","81-218","","","","","","","","","","","","","","","","","","","","","","","","","","","","","","","","","","2 years","3-5 years","Daily or more often","Weekly","","Industry, proprietary","SII","","Development","Test","","","","","","","","6","","","","","","","","","","","General software development tools (IDE, SCM, ticket system / bug tracker)","Other - Write In (Required)","Review Board","Completely satisfied","","","","","","","","","","","","","","","","","","","","","","","","","","","","","","","","","","","","","","","","",""
"82","Apr 30, 2018 21:19:51","Apr 30, 2018 21:26:24","Complete","","","","English","https://www.reddit.com/r/ItalyInformatica/comments/8fzy4q/ricerca_sulle_code_reviews/","https://www.reddit.com/r/ItalyInformatica/comments/8fzy4q/ricerca_sulle_code_reviews/","1525115991_5ae76c57e92911.69947518","Mozilla/5.0 (Macintosh; Intel Mac OS X 10_13_4) AppleWebKit/605.1.15 (KHTML, like Gecko) Version/11.","Mozilla/5.0 (Macintosh; Intel Mac OS X 10_13_4) AppleWebKit/605.1.15 (KHTML, like Gecko) Version/11.1 Safari/605.1.15","","151.66.92.47","9.1773996353149","45.538799285889","Italy","Cormano","09","20032","","","","","","","","","","","","","","","","","","","","","","","","","","","","","","","","","","3-5 years","6-10 years","Weekly","Weekly","","Industry, proprietary","Social Things SRL","","Development","","","","","","","","","2","","","","","","","","","","Gitlab","","","","Mostly satisfied","","","","","","","","","","","","","Agree","Agree","Neither","Neither","Neither","Disagree","Disagree","Disagree","","No","1,3,7","","","","","","","","","","","","","","","","No","No",""
"83","Apr 30, 2018 21:27:15","Apr 30, 2018 21:27:31","Partial","","","","English","","","1525116435_5ae76e131927f5.51343615","Mozilla/5.0 (Linux; Android 7.0; HUAWEI VNS-L31 Build/HUAWEIVNS-L31) AppleWebKit/537.36 (KHTML, like","Mozilla/5.0 (Linux; Android 7.0; HUAWEI VNS-L31 Build/HUAWEIVNS-L31) AppleWebKit/537.36 (KHTML, like Gecko) Chrome/66.0.3359.126 Mobile Safari/537.36","","82.54.156.93","8.8500003814697","45.583301544189","Italy","Busto Arsizio","09","21052","","","","","","","","","","","","","","","","","","","","","","","","","","","","","","","","","","","","","","","","","","","","","","","","","","","","","","","","","","","","","","","","","","","","","","","","","","","","","","","","","","","","","","","","","","","","","","","","","","","","","","","","","",""
"84","Apr 30, 2018 23:54:55","Apr 30, 2018 23:55:00","Partial","","","","English","","","1525125295_5ae790afcaa547.09219223","Mozilla/5.0 (Linux; Android 7.1.2; ONEPLUS A3003 Build/NZH54D; wv) AppleWebKit/537.36 (KHTML, like G","Mozilla/5.0 (Linux; Android 7.1.2; ONEPLUS A3003 Build/NZH54D; wv) AppleWebKit/537.36 (KHTML, like Gecko) Version/4.0 Chrome/52.0.2743.100 Mobile Safari/537.36","","79.47.32.1","14.383299827576","40.86669921875","Italy","Sant'anastasia","04","80048","","","","","","","","","","","","","","","","","","","","","","","","","","","","","","","","","","","","","","","","","","","","","","","","","","","","","","","","","","","","","","","","","","","","","","","","","","","","","","","","","","","","","","","","","","","","","","","","","","","","","","","","","",""
"85","May 1, 2018 00:35:29","May 1, 2018 00:35:38","Partial","","","","English","","","1525127729_5ae79a3110a283.14761991","Mozilla/5.0 (Linux; Android 8.0.0; SM-G950F Build/R16NW; wv) AppleWebKit/537.36 (KHTML, like Gecko) ","Mozilla/5.0 (Linux; Android 8.0.0; SM-G950F Build/R16NW; wv) AppleWebKit/537.36 (KHTML, like Gecko) Version/4.0 Chrome/66.0.3359.126 Mobile Safari/537.36","","82.28.54.74","-0.23330000042915","51.5","United Kingdom","Hammersmith","F1","W14","","","","","","","","","","","","","","","","","","","","","","","","","","","","","","","","","","","","","","","","","","","","","","","","","","","","","","","","","","","","","","","","","","","","","","","","","","","","","","","","","","","","","","","","","","","","","","","","","","","","","","","","","",""
"86","May 1, 2018 01:21:14","May 1, 2018 01:21:27","Partial","","","","English","","","1525130474_5ae7a4ea2fc589.17796530","Mozilla/5.0 (Linux; Android 8.0.0; STF-L09 Build/HUAWEISTF-L09) AppleWebKit/537.36 (KHTML, like Geck","Mozilla/5.0 (Linux; Android 8.0.0; STF-L09 Build/HUAWEISTF-L09) AppleWebKit/537.36 (KHTML, like Gecko) Chrome/66.0.3359.126 Mobile Safari/537.36","","2.26.144.123","-2.8197999000549","53.165599822998","United Kingdom","Chester","C5","CH3","","","","","","","","","","","","","","","","","","","","","","","","","","","","","","","","","","","","","","","","","","","","","","","","","","","","","","","","","","","","","","","","","","","","","","","","","","","","","","","","","","","","","","","","","","","","","","","","","","","","","","","","","",""
"87","May 1, 2018 18:32:19","May 1, 2018 18:32:26","Partial","","","","English","https://www.reddit.com/r/ItalyInformatica/","https://www.reddit.com/r/ItalyInformatica/","1525192339_5ae89693d4d881.25996132","Mozilla/5.0 (Macintosh; Intel Mac OS X 10_13_4) AppleWebKit/537.36 (KHTML, like Gecko) Chrome/66.0.3","Mozilla/5.0 (Macintosh; Intel Mac OS X 10_13_4) AppleWebKit/537.36 (KHTML, like Gecko) Chrome/66.0.3359.139 Safari/537.36","","2.38.2.182","14.21669960022","42.466701507568","Italy","Pescara","01","65100","","","","","","","","","","","","","","","","","","","","","","","","","","","","","","","","","","","","","","","","","","","","","","","","","","","","","","","","","","","","","","","","","","","","","","","","","","","","","","","","","","","","","","","","","","","","","","","","","","","","","","","","","",""
"88","May 1, 2018 19:15:06","May 1, 2018 19:15:47","Partial","","","","English","https://www.reddit.com/r/ItalyInformatica/comments/8fzy4q/ricerca_sulle_code_reviews/","https://www.reddit.com/r/ItalyInformatica/comments/8fzy4q/ricerca_sulle_code_reviews/","1525194906_5ae8a09aa5fa02.32027560","Mozilla/5.0 (X11; Linux x86_64; rv:52.0) Gecko/20100101 Firefox/52.0","Mozilla/5.0 (X11; Linux x86_64; rv:52.0) Gecko/20100101 Firefox/52.0","","87.21.231.250","12.483300209045","41.900001525879","Italy","Rome","07","00131","","","","","","","","","","","","","","","","","","","","","","","","","","","","","","","","","","","","","","","","","","","","","","","","","","","","","","","","","","","","","","","","","","","","","","","","","","","","","","","","","","","","","","","","","","","","","","","","","","","","","","","","","",""
"89","May 1, 2018 19:53:34","May 1, 2018 20:27:16","Partial","","","","English","https://www.reddit.com/r/SampleSize/comments/8g6k0w/academic_research_on_code_reviews_software/","https://www.reddit.com/r/SampleSize/comments/8g6k0w/academic_research_on_code_reviews_software/","1525197214_5ae8a99e486647.93539373","Mozilla/5.0 (X11; Linux x86_64) AppleWebKit/537.36 (KHTML, like Gecko) Chrome/66.0.3359.139 Safari/5","Mozilla/5.0 (X11; Linux x86_64) AppleWebKit/537.36 (KHTML, like Gecko) Chrome/66.0.3359.139 Safari/537.36","","104.132.147.75","-105.20369720459","40.050701141357","United States","Boulder","CO","80301","","","","","","","","","","","","","","","","","","","","","","","","","","","","","","","","","","11 years or more","11 years or more","Daily or more often","Daily or more often","Open source","Industry, proprietary","Google","Nunyabusiness","Development","","","","","","","","","5","","","","","","","","","","","","Other - Write In (Required)","Google internal","Completely satisfied","","","","","","","","","","","","","","","","","","","","","","","","","","","","","","","","","","","","","","","","",""
"90","May 1, 2018 21:24:43","May 1, 2018 21:24:47","Partial","","","","English","","","1525202683_5ae8befba42ba6.45264223","Mozilla/5.0 (Macintosh; Intel Mac OS X 10_13_3) AppleWebKit/604.5.6 (KHTML, like Gecko) Version/11.0","Mozilla/5.0 (Macintosh; Intel Mac OS X 10_13_3) AppleWebKit/604.5.6 (KHTML, like Gecko) Version/11.0.3 Safari/604.5.6","","87.214.167.63","4.3076000213623","52.067901611328","Netherlands","Den Haag","11","2526","","","","","","","","","","","","","","","","","","","","","","","","","","","","","","","","","","","","","","","","","","","","","","","","","","","","","","","","","","","","","","","","","","","","","","","","","","","","","","","","","","","","","","","","","","","","","","","","","","","","","","","","","",""
"91","May 1, 2018 23:16:12","May 1, 2018 23:16:35","Partial","","","","English","https://www.reddit.com/r/ItalyInformatica/comments/8fzy4q/ricerca_sulle_code_reviews/","https://www.reddit.com/r/ItalyInformatica/comments/8fzy4q/ricerca_sulle_code_reviews/","1525209372_5ae8d91ce80234.58876359","Mozilla/5.0 (Windows NT 10.0; Win64; x64) AppleWebKit/537.36 (KHTML, like Gecko) Chrome/66.0.3359.13","Mozilla/5.0 (Windows NT 10.0; Win64; x64) AppleWebKit/537.36 (KHTML, like Gecko) Chrome/66.0.3359.139 Safari/537.36","","151.60.84.141","7.666699886322","45.049999237061","Italy","Turin","12","10156","","","","","","","","","","","","","","","","","","","","","","","","","","","","","","","","","","","","","","","","","","","","","","","","","","","","","","","","","","","","","","","","","","","","","","","","","","","","","","","","","","","","","","","","","","","","","","","","","","","","","","","","","",""
"92","May 2, 2018 06:33:01","May 2, 2018 06:33:07","Partial","","","","English","https://www.reddit.com/r/SampleSize/comments/8g6k0w/academic_research_on_code_reviews_software/?st=j","https://www.reddit.com/r/SampleSize/comments/8g6k0w/academic_research_on_code_reviews_software/?st=jgolvr7k&amp;sh=dde51a4a","1525235581_5ae93f7de38221.41882816","Mozilla/5.0 (Windows NT 10.0; Win64; x64) AppleWebKit/537.36 (KHTML, like Gecko) Chrome/66.0.3359.13","Mozilla/5.0 (Windows NT 10.0; Win64; x64) AppleWebKit/537.36 (KHTML, like Gecko) Chrome/66.0.3359.139 Safari/537.36","","129.21.82.108","-77.637603759766","43.089900970459","United States","Rochester","NY","14623","","","","","","","","","","","","","","","","","","","","","","","","","","","","","","","","","","","","","","","","","","","","","","","","","","","","","","","","","","","","","","","","","","","","","","","","","","","","","","","","","","","","","","","","","","","","","","","","","","","","","","","","","",""
"93","May 2, 2018 16:54:59","May 2, 2018 17:24:47","Complete","","","","English","","","1525272899_5ae9d143908206.77733390","Mozilla/5.0 (Macintosh; Intel Mac OS X 10_11_6) AppleWebKit/605.1.15 (KHTML, like Gecko) Version/11.","Mozilla/5.0 (Macintosh; Intel Mac OS X 10_11_6) AppleWebKit/605.1.15 (KHTML, like Gecko) Version/11.1 Safari/605.1.15","","145.107.125.169","5.1191000938416","52.093799591064","Netherlands","Utrecht","09","3512","","","","","","","","","","","","","","","","","","","","","","","","","","","","","","","","","","Never done it, so far","6-10 years","Weekly","Never","Open source","","","Utrecht University","","","","","","","Research","","","1","","","","","","","","","","","","","","","","Strongly Disagree","Disagree","Agree","Agree","Neither","Neither","Agree","Disagree","Giving a visual representation of the changes can be interesting to understand at a first glance a lot of the characteristic of the change. But I also believe that it will take time before a user will find it natural, so I believe this tool will have a steeper learning curve compared with the previous one.","Yes","1,3,6,6,5","Strongly Agree","Strongly Agree","I don't know","Strongly Agree","Strongly Disagree","Neither","I don't know","Strongly Disagree","","","1,3,6,6,5,7","Strongly Disagree","Strongly Disagree","Strongly Disagree","Strongly Agree","Strongly Disagree","Strongly Disagree","Neither","Strongly Agree","","Yes","1,3,6,6","1","2","3","","No","No",""
"94","May 2, 2018 17:53:17","May 2, 2018 17:55:34","Partial","","","","English","","","1525276397_5ae9deed2826b7.42243373","Mozilla/5.0 (X11; Linux x86_64) AppleWebKit/537.36 (KHTML, like Gecko) Chrome/66.0.3359.139 Safari/5","Mozilla/5.0 (X11; Linux x86_64) AppleWebKit/537.36 (KHTML, like Gecko) Chrome/66.0.3359.139 Safari/537.36","","217.61.166.36","9.2006998062134","45.474300384521","Italy","Milan","09","20127","","","","","","","","","","","","","","","","","","","","","","","","","","","","","","","","","","6-10 years","6-10 years","Daily or more often","Daily or more often","Open source","Industry, proprietary","NDA","crawler4j","Development","Test","","","","","","","","5","Gerrit","","","","","","","","","Gitlab","","","","Neither satisfied or dissatisfied","It is not a matter of tool but a matter of culture. The lack of code review culture is quite problematic as the lack of TDD culture was ten years ago or so.","","","","","","","","","","","","","","","","","","","","","","","","","","","","","","","","","","","","","","","",""
"95","May 2, 2018 18:33:35","May 2, 2018 18:34:28","Partial","","","","English","https://www.iprogrammatori.it/forum-programmazione/java/ricerca-sulle-code-reviews-java-t34815.html","https://www.iprogrammatori.it/forum-programmazione/java/ricerca-sulle-code-reviews-java-t34815.html","1525278815_5ae9e85fd31d58.12461723","Mozilla/5.0 (Windows NT 10.0; Win64; x64) AppleWebKit/537.36 (KHTML, like Gecko) Chrome/65.0.3325.18","Mozilla/5.0 (Windows NT 10.0; Win64; x64) AppleWebKit/537.36 (KHTML, like Gecko) Chrome/65.0.3325.181 Safari/537.36","","95.234.64.197","8.9499998092651","45.549999237061","Italy","Parabiago","09","20015","","","","","","","","","","","","","","","","","","","","","","","","","","","","","","","","","","","","","","","","","","","","","","","","","","","","","","","","","","","","","","","","","","","","","","","","","","","","","","","","","","","","","","","","","","","","","","","","","","","","","","","","","",""
"96","May 2, 2018 18:53:23","May 2, 2018 19:10:00","Complete","","","","English","","","1525280003_5ae9ed0330f873.85231744","Mozilla/5.0 (Windows NT 10.0; Win64; x64) AppleWebKit/537.36 (KHTML, like Gecko) Chrome/66.0.3359.13","Mozilla/5.0 (Windows NT 10.0; Win64; x64) AppleWebKit/537.36 (KHTML, like Gecko) Chrome/66.0.3359.139 Safari/537.36","","93.34.228.88","11.885899543762","45.408000946045","Italy","Padua","20","35143","","","","","","","","","","","","","","","","","","","","","","","","","","","","","","","","","","Never done it, so far","3-5 years","Yearly","Never","Open source","","","VLC","","","","","","Management and Administration","","","","15","","","","","","","","","","","","","","","","Strongly Agree","Agree","Neither","Neither","Agree","Disagree","Disagree","Disagree","","Yes","1,3,7,5","Disagree","Disagree","Disagree","Disagree","Agree","Strongly Agree","Agree","Agree","","Yes","1,3,7","Disagree","Agree","Disagree","Neither","Agree","Agree","Disagree","Disagree","","","1,3,7,5,6","2","1","3","","No","No",""
"97","May 2, 2018 20:54:56","May 2, 2018 20:55:14","Partial","","","","English","","","1525287296_5aea0980a0e593.56033978","Mozilla/5.0 (Macintosh; Intel Mac OS X 10_13_4) AppleWebKit/605.1.15 (KHTML, like Gecko) Version/11.","Mozilla/5.0 (Macintosh; Intel Mac OS X 10_13_4) AppleWebKit/605.1.15 (KHTML, like Gecko) Version/11.1 Safari/605.1.15","","79.13.150.8","10.397999763489","45.413200378418","Italy","Montichiari","09","25018","","","","","","","","","","","","","","","","","","","","","","","","","","","","","","","","","","","","","","","","","","","","","","","","","","","","","","","","","","","","","","","","","","","","","","","","","","","","","","","","","","","","","","","","","","","","","","","","","","","","","","","","","",""
"98","May 3, 2018 09:15:36","May 3, 2018 09:18:19","Partial","","","","English","https://www.linkedin.com/feed/?trk=eml-wym-cta","https://www.linkedin.com/feed/?trk=eml-wym-cta","1525331736_5aeab7181ceb65.86681563","Mozilla/5.0 (Windows NT 10.0; Win64; x64; rv:59.0) Gecko/20100101 Firefox/59.0","Mozilla/5.0 (Windows NT 10.0; Win64; x64; rv:59.0) Gecko/20100101 Firefox/59.0","","193.89.221.64","8.5838003158569","56.491199493408","Denmark","Struer","18","7600","","","","","","","","","","","","","","","","","","","","","","","","","","","","","","","","","","1 year or less","6-10 years","Daily or more often","Monthly","","Industry, proprietary","B&O","","","","","","","","Research","","","4","","","","JetBrains Upsource","","","","","","","","","","Somewhat satisfied","","","","","","","","","","","","","","","","","","","","","","","","","","","","","","","","","","","","","","","","",""
"99","May 3, 2018 09:50:40","May 3, 2018 09:52:21","Partial","","","","English","https://www.linkedin.com/feed/","https://www.linkedin.com/feed/","1525333840_5aeabf503e7e80.66997569","Mozilla/5.0 (Macintosh; Intel Mac OS X 10_13_4) AppleWebKit/537.36 (KHTML, like Gecko) Chrome/66.0.3","Mozilla/5.0 (Macintosh; Intel Mac OS X 10_13_4) AppleWebKit/537.36 (KHTML, like Gecko) Chrome/66.0.3359.139 Safari/537.36","","188.15.62.232","13.77680015564","45.649501800537","Italy","Trieste","06","34100","","","","","","","","","","","","","","","","","","","","","","","","","","","","","","","","","","11 years or more","11 years or more","Daily or more often","Weekly","","Industry, proprietary","f451","","Development","","","","","","","","","4","","","","","","","","","","","General software development tools (IDE, SCM, ticket system / bug tracker)","","","Somewhat satisfied","","","","","","","","","","","","","","","","","","","","","","","","","","","","","","","","","","","","","","","","",""
